id,session_task_id,produit_numero,produit_titre_complet,brand,avis_numero,Nom,Titre de l'avis,etoiles_valeur,Date_str,Avis,sentiment,score_sentiment,reponse_generee,platform
50,cf6e0af1-d2c4-41e9-8f4e-c8fbbe7500bc,,"AMD RYZEN ™ 7 9800X3D 8 Coeurs/16 Threads débridés, Architecture Zen 5, 104 Mo Cache, 120W TDP, Jusqu'a 5.2 Ghz Frequence Boost, Socket AM5, Ventilateur Non Inclus",AMD,50,christophe freval,Très bon processeur pour les jeux,5.0,9 septembre 2025,Rien a dirt!que dirt de ce AMD! Foncé,positif,0.472,"Merci, M. Freval, pour votre appréciation envers notre produit AMD RYZEN ™ 7 9800X3D. Nous prenons note vos commentaires. Pour toute demande supplémentaire ou problème, merveilleux contactez notre équipe de support technique à l'adresse suivante : amd@serviceclient.fr.",amazon
49,cf6e0af1-d2c4-41e9-8f4e-c8fbbe7500bc,,"AMD RYZEN ™ 7 9800X3D 8 Coeurs/16 Threads débridés, Architecture Zen 5, 104 Mo Cache, 120W TDP, Jusqu'a 5.2 Ghz Frequence Boost, Socket AM5, Ventilateur Non Inclus",AMD,49,Romain S,Excellent niveau performances,5.0,22 septembre 2025,Excellent processeur,positif,0.836,"Merci, M. Romain, pour votre appréciation envers notre produit AMD RYZEN ™ 7 9800X3D. Nous sommes ravis d'apprendre que vous obtenez des résultats satisfaisants. N'hésitez pas à nous contacter si vous avez des questions ou besoin d'assistance supplémentaire. Nous sommes disponibles à l'adresse amd@serviceclient.fr.",amazon
48,cf6e0af1-d2c4-41e9-8f4e-c8fbbe7500bc,,"AMD RYZEN ™ 7 9800X3D 8 Coeurs/16 Threads débridés, Architecture Zen 5, 104 Mo Cache, 120W TDP, Jusqu'a 5.2 Ghz Frequence Boost, Socket AM5, Ventilateur Non Inclus",AMD,48,youkoulele,"Excellent processeur, performance au rendez-vous !",5.0,26 février 2025,"J’ai commandé le Ryzen 7 9800X3D sur Amazon, et la livraison a été tout simplement parfaite : rapide et soignée, le produit est arrivé en excellent état.

Concernant le processeur lui-même, c’est une vraie bête de course ! Les performances sont incroyables, que ce soit en gaming ou en applicatif. Grâce à la 3D V-Cache, les jeux tournent de manière ultra fluide, avec des FPS au top et une excellente réactivité. Le multitâche est un jeu d’enfant, et la consommation reste maîtrisée.

Aucun problème à signaler, le produit fonctionne à merveille. Si vous cherchez un processeur puissant et fiable, foncez les yeux fermés. Je recommande à 100 % !",positif,0.957,"Merci de votre feedback positif concernant votre expérience avec notre produit AMD RYZEN ™ 7 9800X3D. Nous sommes ravis d'apprendre que vous êtes satisfait de la rapidité et de l'état impeccable de la livraison. Nous prenons note de vos excellentes impressions sur les performances exceptionnelles de ce processeur, tant en jeu qu'en application. Nous sommes à votre disposition pour toute question ou information supplémentaire via notre équipe de support technique à l'adresse amd@serviceclient.fr.",amazon
47,cf6e0af1-d2c4-41e9-8f4e-c8fbbe7500bc,,"AMD RYZEN ™ 7 9800X3D 8 Coeurs/16 Threads débridés, Architecture Zen 5, 104 Mo Cache, 120W TDP, Jusqu'a 5.2 Ghz Frequence Boost, Socket AM5, Ventilateur Non Inclus",AMD,47,Geese,top,5.0,1 août 2025,"Excellent processeur pour joueur. Pour remplacer mon vieil i7 4790k avec ses 11 ans de service, j'avais envie d'essayer le tout AMD avec une carte graphique Radeon et je ne suis pas déçu.",positif,0.795,"Merci de votre appréciation envers notre produit AMD RYZEN ™ 7 9800X3D. Nous sommes ravis que ce processeur réponde à vos attentes en tant que joueur. Nous prenons note votre commentaire. (Si nécessaire): Si vous avez des questions ou rencontrez des difficultés, n'hésitez pas à nous contacter à l'adresse suivante : amd@serviceclient.fr.",amazon
46,cf6e0af1-d2c4-41e9-8f4e-c8fbbe7500bc,,"AMD RYZEN ™ 7 9800X3D 8 Coeurs/16 Threads débridés, Architecture Zen 5, 104 Mo Cache, 120W TDP, Jusqu'a 5.2 Ghz Frequence Boost, Socket AM5, Ventilateur Non Inclus",AMD,46,Sergueï O.,La puissance du un Boeing,5.0,21 septembre 2025,Je suis super contente vraiment!,positif,0.833,"Merci, M. O., pour votre appréciation de notre produit AMD RYZEN ™ 7 9800X3D. Nous sommes ravis de vous avoir pu satisfaire. N'hésitez pas à nous contacter si besoin à l'adresse suivante : amd@serviceclient.fr.",amazon
45,cf6e0af1-d2c4-41e9-8f4e-c8fbbe7500bc,,"AMD RYZEN ™ 7 9800X3D 8 Coeurs/16 Threads débridés, Architecture Zen 5, 104 Mo Cache, 120W TDP, Jusqu'a 5.2 Ghz Frequence Boost, Socket AM5, Ventilateur Non Inclus",AMD,45,Romane,Le monstre qu'est le 9800X3D.,5.0,7 avril 2025,"On écrase la concu (oui je parle bien de Intel)

Malgré son prix qui est à mon avis un peu excessif, c'est le monstre des processeurs. Et honnêtement, à part si c'est votre délire de gérer des tableurs Excel de 1Md de lignes sur votre pc de gaming, rien ne lui arrive à la cheville.

On parle d'une différence qui peut aller jusqu'à 40fps en jeu. Grâce à leur nouvelle architecture, on peut même l'overclock sans risque. Que demande le peuple? (Une baisse des prix... càd une concurrence qui tient la route)",negatif,0.34,Nous regrettez profondément que vous n'ayez pas atteint les attentes escomptées avec notre produit AMD RYZEN ™ 7 9800X3D. Nous sommes désolés pour toute inconvénience occasionnée et vous invitons à contacter notre équipe de support technique à l'adresse suivante : amd@serviceclient.fr. Nous serons heureux de vous aider.,amazon
44,cf6e0af1-d2c4-41e9-8f4e-c8fbbe7500bc,,"AMD RYZEN ™ 7 9800X3D 8 Coeurs/16 Threads débridés, Architecture Zen 5, 104 Mo Cache, 120W TDP, Jusqu'a 5.2 Ghz Frequence Boost, Socket AM5, Ventilateur Non Inclus",AMD,44,Lobsang RIGARD,A powerhouse of a CPU,5.0,7 mai 2025,"This CPU is really worth it if you do heavy gaming or if you do editing else you might want to invest your money in other parts as it is quite expensive compared to smaller models that do the job for a more reasonable price.

Aside from that, this AMD CPU really stands out from other competitors, it is simply a beast for this price, temperature wise it is also fairly cool, for reference i have a Corsair 3x120 cooler.",positif,0.54,"Merci, M. Rigard, pour votre avis favorable sur notre produit AMD RYZEN ™ 7 9800X3D. Nous prenons note vos remarques. Email de contact SAV : amd@serviceclient.fr",amazon
43,cf6e0af1-d2c4-41e9-8f4e-c8fbbe7500bc,,"AMD RYZEN ™ 7 9800X3D 8 Coeurs/16 Threads débridés, Architecture Zen 5, 104 Mo Cache, 120W TDP, Jusqu'a 5.2 Ghz Frequence Boost, Socket AM5, Ventilateur Non Inclus",AMD,43,soso,Le meilleur processeur amd qualité prix,5.0,25 juillet 2025,Alors l un pour moi des meilleur processeur ça va on me disais qu’il chauffer beaucoup mais au final sur un jeu comme warzone gourmand et mal codé ben sans soucie il ne chauffe pas 68 degrés max avec un ventirad a 65€ donc je le conseil,positif,0.71,"Merci de votre appréciation envers notre produit AMD RYZEN ™ 7 9800X3D. Nous prenons note de vos expériences favorables. Si vous avez des questions supplémentaires ou besoin d'assistance, n'hésitez pas à nous contacter à l'adresse suivante : amd@serviceclient.fr.",amazon
42,cf6e0af1-d2c4-41e9-8f4e-c8fbbe7500bc,,"AMD RYZEN ™ 7 9800X3D 8 Coeurs/16 Threads débridés, Architecture Zen 5, 104 Mo Cache, 120W TDP, Jusqu'a 5.2 Ghz Frequence Boost, Socket AM5, Ventilateur Non Inclus",AMD,42,Erick,a good cpu and the seller is nice,5.0,6 octobre 2025,a good cpu and the seller is nice,positif,0.584,"Merci, Monsieur Erick, votre satisfaction est notre priorité. Nous prenons note de votre achat du CPU AMD Ryzen ™ 7 9800X3D. N'hésitez pas à nous contacter si vous avez des questions ou besoin d'assistance. amd@serviceclient.fr",amazon
41,cf6e0af1-d2c4-41e9-8f4e-c8fbbe7500bc,,"AMD RYZEN ™ 7 9800X3D 8 Coeurs/16 Threads débridés, Architecture Zen 5, 104 Mo Cache, 120W TDP, Jusqu'a 5.2 Ghz Frequence Boost, Socket AM5, Ventilateur Non Inclus",AMD,41,Client d'Amazon,Le Roi des CPU gaming sans aucun doute,5.0,26 décembre 2024,"J'ai mis à niveau de mon ancien i5-9600K vers ce 9800X3D, et la différence est notable. Les benchmarks sont impressionnants, confirmant ce que les critiques avaient déjà signalé. Le déverrouillage de ce processeur pour l'overclocking était une décision judicieuse de la part d'AMD.

Actuellement, il est difficile de trouver ce processeur ; j'ai dû attendre un peu après ma commande sur Amazon, mais ça valait le coup. La demande va probablement se stabiliser après les fêtes, donc si vous pouvez attendre, vous pourriez bénéficier de meilleures disponibilités et peut-être même de prix plus abordables. Acheté à 529€ ici, clairement le prix le plus bas en ce moment.

Sans aucun doute, c'est le roi des processeurs pour le gaming du moment. Je le note facilement 5/5 pour ses performances, même si le prix pourrait en rebuter certains. Pour les joueurs sérieux, c'est un investissement qui va durer.",positif,0.55,Merci de votre message favorable concernant votre expérience avec notre produit AMD RYZEN ™ 7 9800X3D. Nous sommes ravis d'apprendre que les performances satisfont vos attentes. We take your feedback into consideration.,amazon
40,cf6e0af1-d2c4-41e9-8f4e-c8fbbe7500bc,,"AMD RYZEN ™ 7 9800X3D 8 Coeurs/16 Threads débridés, Architecture Zen 5, 104 Mo Cache, 120W TDP, Jusqu'a 5.2 Ghz Frequence Boost, Socket AM5, Ventilateur Non Inclus",AMD,40,Client d'Amazon,Le processeur gaming ultime,5.0,6 juin 2025,"Je suis passé d'un 12600kf a ce processeur. Acheté 492€ en occasion comme neuf par amazon.
Très gros gain de performance (un quasi x2) notamment dans des jeux très demandeur niveau CPU.

LE processeur gaming ultime je recommande.

J'étais un peu stressé quand j'ai vu que beaucoup avez reçu de faux 9800x3d ou des boites vide mais tout c'est bien passé pour moi malgré l'achat sur le warehouse (boite scellé et QR code AMD correspondant au numero de série).",positif,0.688,"Merci de votre commentaire positif concernant votre expérience avec notre produit AMD RYZEN ™ 7 9800X3D. Nous sommes ravis de savoir que vous avez constaté une importante amélioration de performances, particulièrement dans les jeux intenses à la CPU. Nous prenons note de vos observations. Pour toute question supplémentaire ou problème, merveilleux contactez notre équipe de support technique à l'adresse suivante : amd@serviceclient.fr.",amazon
39,cf6e0af1-d2c4-41e9-8f4e-c8fbbe7500bc,,"AMD RYZEN ™ 7 9800X3D 8 Coeurs/16 Threads débridés, Architecture Zen 5, 104 Mo Cache, 120W TDP, Jusqu'a 5.2 Ghz Frequence Boost, Socket AM5, Ventilateur Non Inclus",AMD,39,Flo,Un monstre de puissance – Le processeur parfait pour gamers exigeants,5.0,21 mars 2025,"Le Ryzen 7 9800X3D, c’est une vraie bête. Grâce à ses 8 cœurs / 16 threads et au 3D V-Cache, les performances en jeu sont tout simplement incroyables. Les FPS explosent, même sur les titres ultra gourmands, et la fluidité est constante, sans aucune baisse de régime.

Installé sur socket AM5 avec un AIO 240 mm, il reste parfaitement frais, même après plusieurs heures de jeu intense. Le boost à 5.2 GHz fait clairement la différence, et tout ça avec une consommation maîtrisée. Aucun besoin d’overclock, ce processeur est déjà optimisé au maximum.

En résumé : performances haut de gamme, efficacité thermique au top, compatibilité parfaite avec les dernières technologies. Si tu veux ce qui se fait de mieux pour le gaming et la réactivité, c’est LE processeur à avoir. Un achat que je referais sans hésiter.",positif,0.884,"Merci, Madame Flo, pour votre témoignage enthousiaste concernant le Ryzen 7 9800X3D d'AMD. Nous sommes ravis de vous voir profiter de ses excellents avantages en matière de performances et de fiabilité thermique. Nous prenons note de vos commentaires. Email de contact SAV: amd@serviceclient.fr",amazon
38,cf6e0af1-d2c4-41e9-8f4e-c8fbbe7500bc,,"AMD RYZEN ™ 7 9800X3D 8 Coeurs/16 Threads débridés, Architecture Zen 5, 104 Mo Cache, 120W TDP, Jusqu'a 5.2 Ghz Frequence Boost, Socket AM5, Ventilateur Non Inclus",AMD,38,RinDman,Ce CPU est le roi du gaming !,5.0,23 août 2025,"C'est le meilleur processeur gaming du moment, j'ai effectué cet upgrade en venant d'un Ryzen 5900X et votre GPU ne se retrouvera plus sous-exploité pendant un long moment !

Il suffit de l'accompagner avec un simple kit DDR5 CL30 de 6000 mhz et le tour est joué !",positif,0.891,"Merci, M. RinDman, pour vos positive feedbacks sur notre produit AMD RYZEN ™ 7 9800X3D. Nous sommes ravis que ce dernier vous convienne parfaitement pour vos besoins de jeu. Avec un kit DDR5 CL30 de 6000 mhz, vous bénéficiera d'une expérience optimale. N'hésitez pas à nous contacter si nécessaire via amd@serviceclient.fr.",amazon
37,cf6e0af1-d2c4-41e9-8f4e-c8fbbe7500bc,,"AMD RYZEN ™ 7 9800X3D 8 Coeurs/16 Threads débridés, Architecture Zen 5, 104 Mo Cache, 120W TDP, Jusqu'a 5.2 Ghz Frequence Boost, Socket AM5, Ventilateur Non Inclus",AMD,37,Girard Cedric,Bon produit,5.0,4 septembre 2025,"Pas déçu après changement de Intel depuis de nombreuses années. Bonne performance, la puce contenue dans celui reçu très bonne pas de chauffe, en pleine charge pas de soucis avec ma configuration à voir dans le temps",positif,0.571,Merci Mr Girard pour votre appréciation envers notre produit AMD RYZEN ™ 7 9800X3D. Nous sommes ravis d'apprendre que vous n'êtes pas déçu et que la puce fonctionne bien dans votre configuration. N'hésitez pas à nous contacter si vous avez des questions ou des problèmes à traiter via notre équipe de support technique à l'adresse suivante : amd@serviceclient.fr.,amazon
36,cf6e0af1-d2c4-41e9-8f4e-c8fbbe7500bc,,"AMD RYZEN ™ 7 9800X3D 8 Coeurs/16 Threads débridés, Architecture Zen 5, 104 Mo Cache, 120W TDP, Jusqu'a 5.2 Ghz Frequence Boost, Socket AM5, Ventilateur Non Inclus",AMD,36,Nissu,Efficace,5.0,11 octobre 2025,"Installé depuis un mois, aucun problème rencontré. N'oubliez la MaJ de la carte mère",positif,0.526,"Merci, M. Nissu, pour votre retour favorable sur notre produit AMD RYZEN ™ 7 9800X3D. Nous prenons note de vos informations concernant la mise à jour de votre plate-forme mère. Si vous avez des questions supplémentaires ou rencontrez des difficultés, n'hésitez pas à nous contacter via l'adresse email suivante : amd@serviceclient.fr.",amazon
35,cf6e0af1-d2c4-41e9-8f4e-c8fbbe7500bc,,"AMD RYZEN ™ 7 9800X3D 8 Coeurs/16 Threads débridés, Architecture Zen 5, 104 Mo Cache, 120W TDP, Jusqu'a 5.2 Ghz Frequence Boost, Socket AM5, Ventilateur Non Inclus",AMD,35,Client Amazon,Superbe processeur...,5.0,7 octobre 2025,J ai peur. Je croyais que le paquet était vide tellement il est léger . Moins de 100 gramme...,negatif,0.514,Nous sommes désolées pour cette inquiétude. Le poids normalement attendu pour ce produit est différent de celui observé. Nous vous invitons à contacter notre équipe de support technique spécialisée en AMD au suivant : amd@serviceclient.fr. Elle vous fournira les informations appropriées.,amazon
34,cf6e0af1-d2c4-41e9-8f4e-c8fbbe7500bc,,"AMD RYZEN ™ 7 9800X3D 8 Coeurs/16 Threads débridés, Architecture Zen 5, 104 Mo Cache, 120W TDP, Jusqu'a 5.2 Ghz Frequence Boost, Socket AM5, Ventilateur Non Inclus",AMD,34,Adrien.C,Meilleur processeur pour CS2,5.0,26 août 2025,"Excellent processeur pour le gaming. Surtout sur les FPS grâce à la technologie 3D V-Cache.
Sur CS2 je tourne entre 600 et 800 fps, toujours en dessous de 60° et sur des jeux plus gourmands je reste autour de 65/70°.
Avec une 5070ti/5080 le combo est vraiment top. À prendre les yeux fermés.
Si vous avez un budget plus serré, prenez le 7800X3D il est également parfait.",positif,0.882,"Merci, M. Adrien C., pour votre témoignage positif sur notre produit AMD RYZEN ™ 7 9800X3D. Nous sommes ravis d'apprendre que ce processeur répond à vos attentes dans le domaine du jeu vidéo, notamment en matière de performances sur les FPS grâces à la technologie 3D V-Cache. Nous prenons note de vos expériences sur CS2 et d'autres jeux. N'hésitez pas à nous contacter si vous avez des questions ou besoin d'assistance supplémentaire.",amazon
33,cf6e0af1-d2c4-41e9-8f4e-c8fbbe7500bc,,"AMD RYZEN ™ 7 9800X3D 8 Coeurs/16 Threads débridés, Architecture Zen 5, 104 Mo Cache, 120W TDP, Jusqu'a 5.2 Ghz Frequence Boost, Socket AM5, Ventilateur Non Inclus",AMD,33,BAL A.,parfait,5.0,7 novembre 2025,parfait,positif,0.816,"Merci, M. Bal, votre commentaire a été pris en compte. N'hésitez pas à nous contacter si vous avez des questions ou des besoins supplémentaires. Contactez notre équipe technique à l'adresse suivante : amd@serviceclient.fr.",amazon
32,cf6e0af1-d2c4-41e9-8f4e-c8fbbe7500bc,,"AMD RYZEN ™ 7 9800X3D 8 Coeurs/16 Threads débridés, Architecture Zen 5, 104 Mo Cache, 120W TDP, Jusqu'a 5.2 Ghz Frequence Boost, Socket AM5, Ventilateur Non Inclus",AMD,32,Cristovao Dias Pereira,"""AMD Ryzen 7 9800X3D : Puissance et performance pour gamers et créateurs exigeants !",5.0,27 mars 2025,"Le processeur AMD Ryzen 7 9800X3D est une véritable référence en termes de performance pour les joueurs et les professionnels de la création. Avec ses 8 cœurs et 16 threads, il offre des performances exceptionnelles, notamment grâce à la technologie 3D V-Cache, qui booste les performances dans les jeux et les applications exigeantes. Ce processeur est capable de gérer les sessions de jeu les plus intenses en 4K et de faire face aux charges de travail lourdes sans compromis sur la fluidité.

Le Ryzen 7 9800X3D se distingue par son efficacité énergétique et sa capacité à maintenir des températures relativement basses même sous forte charge, ce qui est un gros plus pour les utilisateurs soucieux de la gestion thermique. Il excelle dans le multitâche, et son rapport qualité-prix est parmi les meilleurs pour un processeur de cette gamme. Si vous cherchez une bête de performance qui offre à la fois puissance et efficacité, le Ryzen 7 9800X3D est un choix de premier ordre.",positif,0.752,"Merci, M. Pereira, pour votre appréciation envers notre produit AMD Ryzen 7 9800X3D. Nous sommes ravis d'apprendre que vous êtes satisfait de ses performances exceptionnelles et de sa capacité à gérer vos tâches intenses sans compromis. Nous prenons note de vos commentaires et les prendrons en considération pour améliorer nos produits futurs. Pour toute question supplémentaire ou problème technique, n'hésitez pas à nous contacter à l'adresse suivante : amd@serviceclient.fr.",amazon
31,cf6e0af1-d2c4-41e9-8f4e-c8fbbe7500bc,,"AMD RYZEN ™ 7 9800X3D 8 Coeurs/16 Threads débridés, Architecture Zen 5, 104 Mo Cache, 120W TDP, Jusqu'a 5.2 Ghz Frequence Boost, Socket AM5, Ventilateur Non Inclus",AMD,31,Nolan Malherbe,L’un des meilleurs processeurs du marché !,5.0,2 novembre 2025,Prix intéressant pour les performances gaming de ce processeur,positif,0.529,"Merci Mr. Malherbe pour votre appréciation envers notre produit AMD RYZEN ™ 7 9800X3D. Nous sommes heureux de vous avoir convaincu de le choisir. Si vous avez des questions ou besoin d'assistance supplémentaire, n'hésitez pas à nous contacter à l'adresse suivante : amd@serviceclient.fr.",amazon
30,cf6e0af1-d2c4-41e9-8f4e-c8fbbe7500bc,,"AMD RYZEN ™ 7 9800X3D 8 Coeurs/16 Threads débridés, Architecture Zen 5, 104 Mo Cache, 120W TDP, Jusqu'a 5.2 Ghz Frequence Boost, Socket AM5, Ventilateur Non Inclus",AMD,30,Seb,LE MEILLEUR PROCESSEUR GAMING,5.0,4 juillet 2025,"Non en vrais je troll si votre but c'est de jouer à des jeux vidéos à part pour avoir la plus grosse (comme mon frère) ce proc ne sert à rien ...

Par contre, si votre utilisation est applicative la LAAA vous allez déployer toute ça puissance et comprendre ce que veut dire X3D .

PS : config processeur sans carte graphique par contre sur du mini pc c'est pas si mal .

Mais ne croyez pas tout le marketing autour de ce processeur Alors oui, c'est le meilleur si vous le couplez à une 5090 et que vous jouez sur un écran 1080p 10 millions de hertz, il vous rapportera entre 8 et 12 fps max Sur vot 700 déjà présent, utile ? À vous de juger.",negatif,0.437,"We apologize for any inconvenience you may have experienced with the AMD Ryzen ™ 7 9800X3D processor. While it is indeed designed to deliver exceptional performance in gaming applications, we understand that your use case may not align with this focus. If you require assistance with other applications or configurations, please do not hesitate to contact our dedicated support team at amd@serviceclient.fr. We are here to help.",amazon
29,cf6e0af1-d2c4-41e9-8f4e-c8fbbe7500bc,,"AMD RYZEN ™ 7 9800X3D 8 Coeurs/16 Threads débridés, Architecture Zen 5, 104 Mo Cache, 120W TDP, Jusqu'a 5.2 Ghz Frequence Boost, Socket AM5, Ventilateur Non Inclus",AMD,29,Eric,Amd,5.0,10 novembre 2025,Fonctionne très bien,positif,0.635,"Merci, M. Eric, pour votre commentaire positif sur notre produit AMD RYZEN ™ 7 9800X3D. Nous sommes ravis que ce dernier fonctionne correctement dans vos configurations. N'hésitez pas à nous contacter si vous avez des questions ou besoin d'assistance supplémentaire. Pour cela, vous pouvez nous joindre à l'adresse email suivante : amd@serviceclient.fr.",amazon
28,cf6e0af1-d2c4-41e9-8f4e-c8fbbe7500bc,,"AMD RYZEN ™ 7 9800X3D 8 Coeurs/16 Threads débridés, Architecture Zen 5, 104 Mo Cache, 120W TDP, Jusqu'a 5.2 Ghz Frequence Boost, Socket AM5, Ventilateur Non Inclus",AMD,28,Droulez,Processeur au top pour la VR,5.0,15 octobre 2025,Je suis passé d'un Ryzen 9 5900x au Ryzen 7 9800x3d et ça change tout niveau performance. Je joue surtout en VR sur quest 2 et j'ai gagné de la fluidité et fps sur ets2 assetto corsa avec mod et supersampling à 1.5 . Je l'ai installé sur la carte mère Asus b650 plus .,positif,0.867,Merci de votre commentaire favorable concernant l'expérience obtenue avec le processeur AMD Ryzen 7 9800x3d. Nous sommes heureux d'apprendre que ce produit vous offre des performances satisfaisantes dans le contexte de vos activités en VR. Nous prenons note de vos observations. Email de contact SAV : amd@serviceclient.fr,amazon
27,cf6e0af1-d2c4-41e9-8f4e-c8fbbe7500bc,,"AMD RYZEN ™ 7 9800X3D 8 Coeurs/16 Threads débridés, Architecture Zen 5, 104 Mo Cache, 120W TDP, Jusqu'a 5.2 Ghz Frequence Boost, Socket AM5, Ventilateur Non Inclus",AMD,27,Chris Rudin,Pour les gamers rien d'autre,4.0,9 octobre 2025,On peu pas se tromper le meilleur pour le jeux vidéo mais 1 étoiles en moin pour le prix trop élevé,positif,0.563,Merci Mr. Rudin pour votre commentaire positif sur notre produit AMD RYZEN ™ 7 9800X3D. Nous prenons note vos remarques concernant le prix. N'hésitez pas à nous contacter si vous avez des questions supplémentaires ou si vous rencontrez des difficultés avec ce produit. Notre équipe technique est disponible à l'adresse suivante : amd@serviceclient.fr.,amazon
26,cf6e0af1-d2c4-41e9-8f4e-c8fbbe7500bc,,"AMD RYZEN ™ 7 9800X3D 8 Coeurs/16 Threads débridés, Architecture Zen 5, 104 Mo Cache, 120W TDP, Jusqu'a 5.2 Ghz Frequence Boost, Socket AM5, Ventilateur Non Inclus",AMD,26,Client d'Amazon,LE processeur à avoir !,5.0,23 novembre 2025,Un montre de puissance,positif,0.592,"Merci pour votre appréciation envers notre produit AMD RYZEN ™ 7 9800X3D. Nous prenons note de votre expérience satisfaisante. Pour toute question supplémentaire ou assistance technique, merveilleux contactez notre équipe de support technique à l'adresse suivante : amd@serviceclient.fr.",amazon
25,cf6e0af1-d2c4-41e9-8f4e-c8fbbe7500bc,,"AMD RYZEN ™ 7 9800X3D 8 Coeurs/16 Threads débridés, Architecture Zen 5, 104 Mo Cache, 120W TDP, Jusqu'a 5.2 Ghz Frequence Boost, Socket AM5, Ventilateur Non Inclus",AMD,25,David prupia,Moonstre,5.0,26 novembre 2025,"Actuellement le roi du gaming.
Très bonne perf",positif,0.765,"Merci, Monsieur Prupia, pour votre appréciation envers notre produit AMD RYZEN ™ 7 9800X3D. Nous sommes ravis de vous voir profiter d'une excellente performance. N'hésitez pas à nous contacter si besoin à l'adresse suivante : amd@serviceclient.fr.",amazon
24,cf6e0af1-d2c4-41e9-8f4e-c8fbbe7500bc,,"AMD RYZEN ™ 7 9800X3D 8 Coeurs/16 Threads débridés, Architecture Zen 5, 104 Mo Cache, 120W TDP, Jusqu'a 5.2 Ghz Frequence Boost, Socket AM5, Ventilateur Non Inclus",AMD,24,Ylann m.,Bien,5.0,1 décembre 2025,Il est au top il régale,positif,0.748,"Merci, M. Ylann, votre expérience avec notre produit AMD RYZEN ™ 7 9800X3D est appréciée. Nous prenons note vos commentaires. Pour toute question supplémentaire ou problème, merveilleux contactez notre équipe de support technique à l'adresse suivante : amd@serviceclient.fr.",amazon
23,cf6e0af1-d2c4-41e9-8f4e-c8fbbe7500bc,,"AMD RYZEN ™ 7 9800X3D 8 Coeurs/16 Threads débridés, Architecture Zen 5, 104 Mo Cache, 120W TDP, Jusqu'a 5.2 Ghz Frequence Boost, Socket AM5, Ventilateur Non Inclus",AMD,23,G G,Conforme à la description,5.0,2 décembre 2025,Rien à signaler pour l'instant.,positif,0.524,"Merci, M. G, votre commande AMD RYZEN ™ 7 9800X3D a été bien traitée. N'hésitez pas à nous contacter si vous avez des questions ou rencontrez des difficultés : amd@serviceclient.fr.",amazon
22,cf6e0af1-d2c4-41e9-8f4e-c8fbbe7500bc,,"AMD RYZEN ™ 7 9800X3D 8 Coeurs/16 Threads débridés, Architecture Zen 5, 104 Mo Cache, 120W TDP, Jusqu'a 5.2 Ghz Frequence Boost, Socket AM5, Ventilateur Non Inclus",AMD,22,michel mazzella,Le CPU GAMING!,4.0,4 novembre 2025,"Bien reçu, à voir sa réputation!",positif,0.477,"Merci M. Mazzella pour votre commande du processeur AMD Ryzen ™ 7 9800X3D. Nous prenons en compte votre achat. En cas de question ou de problème, n'hésitez pas à nous contacter à l'adresse suivante : amd@serviceclient.fr.",amazon
21,cf6e0af1-d2c4-41e9-8f4e-c8fbbe7500bc,,"AMD RYZEN ™ 7 9800X3D 8 Coeurs/16 Threads débridés, Architecture Zen 5, 104 Mo Cache, 120W TDP, Jusqu'a 5.2 Ghz Frequence Boost, Socket AM5, Ventilateur Non Inclus",AMD,21,Tom,Parfait,5.0,10 décembre 2025,Rien à redire juste excellent,positif,0.841,"Merci, Monsieur Tom, votre satisfaction est notre priorité. Nous prenons note de votre expérience positive avec notre produit AMD RYZEN ™ 7 9800X3D. Si vous avez des questions ou besoin d'aide supplémentaire, n'hésitez pas à nous contacter à l'adresse suivante : amd@serviceclient.fr.",amazon
20,cf6e0af1-d2c4-41e9-8f4e-c8fbbe7500bc,,"AMD RYZEN ™ 7 9800X3D 8 Coeurs/16 Threads débridés, Architecture Zen 5, 104 Mo Cache, 120W TDP, Jusqu'a 5.2 Ghz Frequence Boost, Socket AM5, Ventilateur Non Inclus",AMD,20,Roldao Marie,Livraison et service …zéro,5.0,12 décembre 2025,L’article est top,positif,0.746,"Merci, Madame Roldao, pour votre appréciation envers notre produit AMD RYZEN ™ 7 9800X3D. Nous sommes heureux de savoir que vous êtes satisfaite de votre expérience. N'hésitez pas à nous contacter si vous avez des questions ou besoin d'aide. Contactez notre équipe de support technique à l'adresse suivante : amd@serviceclient.fr.",amazon
19,cf6e0af1-d2c4-41e9-8f4e-c8fbbe7500bc,,"AMD RYZEN ™ 7 9800X3D 8 Coeurs/16 Threads débridés, Architecture Zen 5, 104 Mo Cache, 120W TDP, Jusqu'a 5.2 Ghz Frequence Boost, Socket AM5, Ventilateur Non Inclus",AMD,19,badia Aoula,9800x3d,5.0,21 novembre 2025,"Je suis vraiment pas déçu , un peux dégoûter il est bien descendu de prix après mon achat mais i vaux vraiment le coup super réussite d’AMD",positif,0.782,Merci Mme Aoula pour votre appréciation de notre produit AMD RYZEN ™ 7 9800X3D. Nous sommes heureux de vous avoir satisfait(e). N'hésitez pas à nous contacter si besoin à l'adresse email suivante : amd@serviceclient.fr.,amazon
18,cf6e0af1-d2c4-41e9-8f4e-c8fbbe7500bc,,"AMD RYZEN ™ 7 9800X3D 8 Coeurs/16 Threads débridés, Architecture Zen 5, 104 Mo Cache, 120W TDP, Jusqu'a 5.2 Ghz Frequence Boost, Socket AM5, Ventilateur Non Inclus",AMD,18,Antoine.D,Meilleur processeur en gaming,5.0,30 novembre 2025,"Bon processeur le meilleur pour le gaming et la simulation, je l'ai payé un peu cher a sa sortie",positif,0.551,"Merci, M. Antoine D., pour votre appréciation envers notre produit AMD RYZEN ™ 7 9800X3D. Nous sommes ravis de savoir qu'il vous convient parfaitement pour vos activités de jeu et de simulation. N'hésitez pas à nous contacter si des questions ou problèmes se posent auprès de ce matériel via notre service après-vente : amd@serviceclient.fr.",amazon
17,cf6e0af1-d2c4-41e9-8f4e-c8fbbe7500bc,,"AMD RYZEN ™ 7 9800X3D 8 Coeurs/16 Threads débridés, Architecture Zen 5, 104 Mo Cache, 120W TDP, Jusqu'a 5.2 Ghz Frequence Boost, Socket AM5, Ventilateur Non Inclus",AMD,17,WaspRider06,Parfait !,5.0,25 novembre 2025,"Tu cherche un très bon processeur pour faire tourner tes jeux ? Tu peux le prendre les yeux fermés, depuis maintenant 3 mois je n’ai eu aucun soucis!",positif,0.576,"Merci, WaspRider06, pour votre avis positif sur ce produit AMD. Nous sommes ravis d'apprendre que vous êtes satisfait de ses performances depuis trois mois sans problème. Nous prenons note de vos commentaires. Pour toute question ou problème, merveilleux contactez notre équipe SAV à l'adresse suivante : amd@serviceclient.fr.",amazon
16,cf6e0af1-d2c4-41e9-8f4e-c8fbbe7500bc,,"AMD RYZEN ™ 7 9800X3D 8 Coeurs/16 Threads débridés, Architecture Zen 5, 104 Mo Cache, 120W TDP, Jusqu'a 5.2 Ghz Frequence Boost, Socket AM5, Ventilateur Non Inclus",AMD,16,REIBAUD Michel,Produit conforme a la description,5.0,24 décembre 2025,"Très bien, reçu avant l a date prévue",positif,0.571,"Merci, Mr Reibaud, votre commande a été traitée avec succès. Nous sommes heureux d'apprendre que le produit vous satisfait. Pour toute question technique ou assistance supplémentaire, merveilleux contactez notre équipe de support technique à l'adresse suivante : amd@serviceclient.fr.",amazon
15,cf6e0af1-d2c4-41e9-8f4e-c8fbbe7500bc,,"AMD RYZEN ™ 7 9800X3D 8 Coeurs/16 Threads débridés, Architecture Zen 5, 104 Mo Cache, 120W TDP, Jusqu'a 5.2 Ghz Frequence Boost, Socket AM5, Ventilateur Non Inclus",AMD,15,Ju,Parfait,5.0,2 janvier 2026,Parfait,positif,0.816,"Merci, Madame Ju, votre satisfaction est notre priorité. Nous prenons note de votre expérience positive avec notre produit AMD RYZEN ™ 7 9800X3D. N'hésitez pas à nous contacter si vous avez des questions ou besoin d'assistance supplémentaire. Pour cela, vous pouvez nous joindre à l'adresse suivante : amd@serviceclient.fr.",amazon
14,cf6e0af1-d2c4-41e9-8f4e-c8fbbe7500bc,,"AMD RYZEN ™ 7 9800X3D 8 Coeurs/16 Threads débridés, Architecture Zen 5, 104 Mo Cache, 120W TDP, Jusqu'a 5.2 Ghz Frequence Boost, Socket AM5, Ventilateur Non Inclus",AMD,14,Fays,x3d d'Amd = valeure sûre,5.0,1 janvier 2026,Excellent processeur pour du gaming,positif,0.774,Merci de votre appréciation pour l'achat de l'AMD RYZEN ™ 7 9800X3D. Nous sommes ravis de savoir que ce produit vous convient parfaitement pour vos besoins de jeu. N'hésitez pas à nous contacter si vous avez des questions ou des problèmes à résoudre. Nous sommes disponibles à l'adresse amd@serviceclient.fr.,amazon
13,cf6e0af1-d2c4-41e9-8f4e-c8fbbe7500bc,,"AMD RYZEN ™ 7 9800X3D 8 Coeurs/16 Threads débridés, Architecture Zen 5, 104 Mo Cache, 120W TDP, Jusqu'a 5.2 Ghz Frequence Boost, Socket AM5, Ventilateur Non Inclus",AMD,13,Client d&#39;Amazon,Un CPU AMD quoi,5.0,26 décembre 2025,"Que dire à part qu'il fonctionne, j'avais hésité avec le 9950X3D mais il était a plus de 800€ à se moment là, donc celui ci ira très bien pour le moment",positif,0.444,"Nous vous remercions sincèrement pour votre commentaire favorable concernant notre produit AMD RYZEN ™ 7 9800X3D. Nous sommes ravis que ce dernier fonctionne correctement pour vous. Pour toute question ou problème relatif à ce produit, n'hésitez pas à nous contacter à l'adresse suivante : amd@serviceclient.fr.",amazon
12,cf6e0af1-d2c4-41e9-8f4e-c8fbbe7500bc,,"AMD RYZEN ™ 7 9800X3D 8 Coeurs/16 Threads débridés, Architecture Zen 5, 104 Mo Cache, 120W TDP, Jusqu'a 5.2 Ghz Frequence Boost, Socket AM5, Ventilateur Non Inclus",AMD,12,Marv,Meilleur processeur de jeux à ce moment,5.0,13 janvier 2026,"Le meilleur processseur pour jouer en ce moment, une vraie bête de course !",positif,0.864,"Merci, M. Marv, pour votre avis sur notre produit AMD RYZEN ™ 7 9800X3D. Nous sommes ravis d'apprendre que vous êtes satisfait de ses performances. Nous prenons note de votre commentaire. Pour toute question supplémentaire ou problème technique, n'hésitez pas à nous contacter à l'adresse suivante : amd@serviceclient.fr.",amazon
11,cf6e0af1-d2c4-41e9-8f4e-c8fbbe7500bc,,"AMD RYZEN ™ 7 9800X3D 8 Coeurs/16 Threads débridés, Architecture Zen 5, 104 Mo Cache, 120W TDP, Jusqu'a 5.2 Ghz Frequence Boost, Socket AM5, Ventilateur Non Inclus",AMD,11,α,L'incontournable.,5.0,17 décembre 2025,"Ce CPU est l'incontournable du moment, sans aucun conteste:

Positifs:

• Latence exceptionnellement basse en jeux (FPS compétitif)
• Supporte un -30CO + 200mhz Core Boost
• 6000mhz CAS 30 en XMP sans instabilité (monté sur une X870e Aorus Pro)
• Aucun ralentissement sur une utilisation en workflow
• Simple a refroidir (lors des compilation shader, stress test, benchmark ou workflow il atteint cependant un pic qui avoisine 80c°~ systématiquement, même avec un Nautilus RS 360mm)

Negatifs:

◦ Nous rend encore plus accros aux hautes fréquence/FPS
◦ Consomme trop peu, il ne peux pas faire office de chauffage comme mon précédent Intel
◦ Pas besoin d'acheter une carte mère excessivement chers, même pour OC, mince, je pourrais pas faire mon kéké-overclocker sur reddit

Oups, il ne présente aucun réel point négatif, j'espère que cette avis vous aura été utile et vous aura fait rire.",positif,0.403,"Nous remercions α pour son témoignage positif sur notre produit AMD RYZEN ™ 7 9800X3D. Nous sommes heureux d'apprendre qu'il obtient des résultats satisfaisants en matière de latence faible dans les jeux et de performances élevées en workflow. Nous prenons note ses observations et les prendrons en considération pour améliorer notre offre. Pour toute question supplémentaire ou problème technique, il peut nous contacter à l'adresse suivante : amd@serviceclient.fr.",amazon
10,cf6e0af1-d2c4-41e9-8f4e-c8fbbe7500bc,,"AMD RYZEN ™ 7 9800X3D 8 Coeurs/16 Threads débridés, Architecture Zen 5, 104 Mo Cache, 120W TDP, Jusqu'a 5.2 Ghz Frequence Boost, Socket AM5, Ventilateur Non Inclus",AMD,10,Fabien,Top 👍,5.0,17 janvier 2026,"Acheté en novembre 2024. Après 1 an d'utilisation, je suis pleinement satisfait de ce processeur. Il est rapide, stable et fonctionne très bien. Je recommande 👍",positif,0.821,"Merci, M. Fabien, pour votre témoignage positif sur notre produit AMD RYZEN ™ 7 9800X3D. Nous sommes ravis d'apprendre que vous êtes entièrement satisfait de sa performance et de sa stabilité après une année d'utilisation. Nous prenons note de vos commentaires. Pour toute question ou problème, n'hésitez pas à nous contacter à l'adresse suivante : amd@serviceclient.fr.",amazon
9,cf6e0af1-d2c4-41e9-8f4e-c8fbbe7500bc,,"AMD RYZEN ™ 7 9800X3D 8 Coeurs/16 Threads débridés, Architecture Zen 5, 104 Mo Cache, 120W TDP, Jusqu'a 5.2 Ghz Frequence Boost, Socket AM5, Ventilateur Non Inclus",AMD,9,Elyan GRUAU,Un monstre qui nécessite un bon refroidissement,5.0,2 janvier 2026,"Un monstre, je suis passer d’un i5 9600K à 4.8 GHz au R7 9800x3d et la différence est juste énorme !
Pensez bien à :
- mettre à jour votre bios (ça vous évitera des pics de temps absolument abusé lors du lancement du moindre logiciel)
- installer les driver du chipset
- prévoir un bon refroidissement réactif",positif,0.884,"Merci M. Gruau pour votre message positif sur l'amélioration apportée par le nouveau processeur AMD R7 9800x3d. Nous prenons note de vos suggestions concernant la mise à jour de BIOS et l'installation des pilotes du chipset. Afin de garantir une température optimale, nous vous recommandons également de disposer d'un refroidissement efficace. Pour toute question ou problème, n'hésitez pas à contacter notre Service après-vente à l'adresse suivante : amd@serviceclient.fr",amazon
8,cf6e0af1-d2c4-41e9-8f4e-c8fbbe7500bc,,"AMD RYZEN ™ 7 9800X3D 8 Coeurs/16 Threads débridés, Architecture Zen 5, 104 Mo Cache, 120W TDP, Jusqu'a 5.2 Ghz Frequence Boost, Socket AM5, Ventilateur Non Inclus",AMD,8,Quentin G.,LE processeur du moment pour le gaming sur PC,5.0,26 janvier 2026,"Le processeur Idéal pour le gaming en 2025/26.

Des perfs au top et avec le bon refroidissement, ça chauffe pas.

Tip Top !",positif,0.903,"Merci, M. G., pour votre appréciation envers notre produit AMD RYZEN ™ 7 9800X3D. Nous prenons note vos retours positifs. Si vous avez des questions ou besoin d'assistance, n'hésitez pas à nous contacter via notre Service après-vente à l'adresse suivante : amd@serviceclient.fr.",amazon
7,cf6e0af1-d2c4-41e9-8f4e-c8fbbe7500bc,,"AMD RYZEN ™ 7 9800X3D 8 Coeurs/16 Threads débridés, Architecture Zen 5, 104 Mo Cache, 120W TDP, Jusqu'a 5.2 Ghz Frequence Boost, Socket AM5, Ventilateur Non Inclus",AMD,7,cedric,9800x3d,4.0,11 janvier 2026,"Cpu gaming excellent, mais venant d'un 13600k la difference ne saute pas aux yeux, je m attendais a plus de perf... le cpu en app chauffe pas mal prévoir un gros refroidissement si vous ne faite pas que du jeux.",neutre,0.591,"Nous remercions M. Cedric pour son commentaire sur notre processeur AMD Ryzen ™ 7 9800X3D. Nous sommes désolées qu'il n'ait pas rencontré les performances attendues. Si des questions ou problèmes supplémentaires se posent, il est libre de nous contacter à l'adresse suivante : amd@serviceclient.fr.",amazon
6,cf6e0af1-d2c4-41e9-8f4e-c8fbbe7500bc,,"AMD RYZEN ™ 7 9800X3D 8 Coeurs/16 Threads débridés, Architecture Zen 5, 104 Mo Cache, 120W TDP, Jusqu'a 5.2 Ghz Frequence Boost, Socket AM5, Ventilateur Non Inclus",AMD,6,Renard,Un bijou,5.0,27 décembre 2025,"Exceptionnel, PUGB (normalement impossible à faire tourner de manière parfaitement fluide), Fortnite, Call of Duty sans saccades !!!! Et pourtant j'ai une mauvaise connexion internet, très instable. Mais attention, vous devrez d'abord effectuer une installation de vos drivers (carte mère) dans les règles de l'art ! (configuration : RTX 5070 ti, 32 RAM, carte mère GIGABYTE B850 Eagle WIFI6E, alimentation 850 watts suffisent).",positif,0.484,"Merci, Monsieur Renard, pour votre avis sur notre produit AMD RYZEN ™ 7 9800X3D. Nous sommes ravis d'apprendre que ce dernier fonctionne parfaitement pour vous dans PUGB, Fortnite et Call of Duty malgré des connexions Internet instables. Nous prenons note de vos recommandations concernant l'installation des pilotes matériels. Pour toute question supplémentaire ou problème, merveilleux contactez notre équipe de support technique à l'adresse suivante : amd@serviceclient.fr.",amazon
5,cf6e0af1-d2c4-41e9-8f4e-c8fbbe7500bc,,"AMD RYZEN ™ 7 9800X3D 8 Coeurs/16 Threads débridés, Architecture Zen 5, 104 Mo Cache, 120W TDP, Jusqu'a 5.2 Ghz Frequence Boost, Socket AM5, Ventilateur Non Inclus",AMD,5,Loïc Chazelle,"Parfait ! (Mais attention à la compatibilité RAM, description erronée)",5.0,13 janvier 2026,"Très bon processeur (un des meilleurs pour du gaming dans cette tranche de prix).
Premières impressions : gère très bien les jeux demandant pas mal de ressources (jeux testés pour l'instant GTA 5, Harry Potter Hogwarts Legacy, Assassin’s Creed Odyssee, Sims 4. Tout en ultra, aucun problème)
Attention ! Dans la description Amazon, il est écrit que ce processeur supporte du DDR5 6000mhz, ce qui est faux (et je l'ai découvert après-coup à mes dépens). La vitesse max supportée est de 5600mhz (information disponible sur le site officiel AMD. Donc en soit, on peut utiliser des DDR5 6000mhz mais il faut impérativement les plafonner à 5600mhz ou 5200mhz pour plus de stabilité (j’ai eu 1 crash en 5600 donc je l’ai passé en 5200) dans le BIOS (tuto sur internet ou chat gpt pour la procédure) sinon les jeux crash systématiquement au bout de 3 minutes max en 6000mhz (donc pas de panique si ça vous arrive). Tout est devenu stable après avoir plafonné à 5200mhz et tout fonctionne nickel !
Config associée :
- AMD Ryzen 7 9800X3D
- Carte mère Gigabyte B850 Gaming
- MSI NVIDIA GeForce RTX 5070 12Go Shadow 2X OC
- RAM Corsair Vengeance DDR5 2x16Go 6000mhz (utilisées à 5200mhz du coup)
- SSD MSI Spartum 1To 10200MB/s PCIe 5.0",positif,0.387,"Merci, M. Chazelle, pour votre message positif concernant votre nouveau processeur AMD Ryzen 7 9800X3D. Nous prenons note de vos premières impressions favorables et de vos succès dans le domaine du jeu vidéo. Nous sommes heureux de vous voir satisfait. Pour la question de la vitesse de la mémoire DDR5, merci de nous apporter cette précision importante.",amazon
4,cf6e0af1-d2c4-41e9-8f4e-c8fbbe7500bc,,"AMD RYZEN ™ 7 9800X3D 8 Coeurs/16 Threads débridés, Architecture Zen 5, 104 Mo Cache, 120W TDP, Jusqu'a 5.2 Ghz Frequence Boost, Socket AM5, Ventilateur Non Inclus",AMD,4,St3reo9,Imbattable pour du gaming en 2025,5.0,25 décembre 2025,"Super processeur pour du gaming peux importe la résolution, trés bon en applicatif également. Ne chauffe pas avec un bon cooling 240mm. PBO -30 et mode 90 watt, passe sans problèmes chez moi. Monté sur une Aorus B850m Elite Wifi 6e j'arrive à tenir les 7200mhtz en CL34 de ma ram Corsair vengeance qui est annoncée compatibles XMP seulement.",positif,0.787,Merci St3reo9 pour votre témoignage positif sur notre produit AMD RYZEN ™ 7 9800X3D. Nous prenons note vos expériences satisfaisantes en matière de jeu et d'applications. Veuillez ne hesiter pas à nous contacter si vous avez des questions ou des besoins supplémentaires. Nous sommes disponibles à l'adresse amd@serviceclient.fr.,amazon
3,cf6e0af1-d2c4-41e9-8f4e-c8fbbe7500bc,,"AMD RYZEN ™ 7 9800X3D 8 Coeurs/16 Threads débridés, Architecture Zen 5, 104 Mo Cache, 120W TDP, Jusqu'a 5.2 Ghz Frequence Boost, Socket AM5, Ventilateur Non Inclus",AMD,3,Jérémy,Le meilleur processeur Gaming,5.0,15 janvier 2026,"J’ai acheté ce Ryzen 7 9800X3D pour remplacer mon ancien Ryzen 7 7800X3D, qui était déjà une référence absolue pour le gaming. Autant le dire tout de suite : le 7800X3D faisait déjà un travail exceptionnel, mais je voulais tirer le maximum de mon combo avec une RTX 5080 OC.

Après plusieurs semaines d’utilisation, je ne regrette pas mon choix, même s’il faut rester honnête : ce n’est pas une révolution par rapport au 7800X3D. Le gain est réel, mais mesuré.
Dans mes jeux en 3440×1440 ultra, j’ai constaté une amélioration moyenne de 10 à 20 % de FPS, avec surtout :
• une meilleure stabilité des performances,
• moins de chutes d’images dans les scènes exigeantes,
• un meilleur 1% low, ce qui rend l’expérience plus fluide.

Le processeur chauffe peu, reste très efficace en consommation, et montre tout son potentiel avec une carte graphique haut de gamme. Pour un PC orienté gaming, c’est clairement l’un des meilleurs choix actuels.

Cependant, si vous possédez déjà un Ryzen 7 7800X3D et que votre budget est limité, ce dernier reste largement suffisant pour jouer dans d’excellentes conditions. L’upgrade se justifie surtout pour ceux qui veulent le top absolu ou qui montent une nouvelle configuration.

Ma configuration :
• CPU : Ryzen 7 9800X3D
• GPU : RTX 5080 OC ASUS ROG
• Carte mère : ASUS ROG STRIX X670E-E
• RAM : 2×16 Go G.SKILL",positif,0.406,"Merci, Jérémy, pour votre message détaillé concernant votre expérience avec notre produit AMD RYZEN ™ 7 9800X3D. Nous sommes ravis d'apprendre que cette amélioration a permis une meilleure stabilité de performance et une amélioration de vos FPS dans vos jeux en 3440x1440 ultra. Nous prenons note vos observations et les prendrons en considération pour nos futures améliorations. N'hésitez pas à nous contacter si vous avez des questions supplémentaires ou si vous rencontrez des difficultés avec votre nouveau processeur. Notre équipe de support technique est disponible pour vous aider via l'adresse email suivante : amd@serviceclient.fr.",amazon
2,cf6e0af1-d2c4-41e9-8f4e-c8fbbe7500bc,,"AMD RYZEN ™ 7 9800X3D 8 Coeurs/16 Threads débridés, Architecture Zen 5, 104 Mo Cache, 120W TDP, Jusqu'a 5.2 Ghz Frequence Boost, Socket AM5, Ventilateur Non Inclus",AMD,2,Matthieu Bechet,Un monstre tout simplement,5.0,13 janvier 2026,"Ancien utilisateur d'un Ryzen 7 5800X depuis quelques années, je suis passé au 9800X3D. Le gain de performance est massif !

Le passage de l'architecture Zen 3 à Zen 5 avec le 3D V-Cache est flagrant. Là où mon 5800X commençait à montrer ses limites sur les jeux très gourmands en CPU ou pour stabiliser les FPS élevés, le 9800X3D survole tout. La fluidité est incomparable, notamment sur les ""minima"" (1% low), ce qui élimine quasiment toutes les micro-saccades.

Ses performances en mono-cœur et multi-cœur sont excellentes, ce qui le rend bien plus polyvalent que les générations précédentes pour du montage vidéo ou du rendu.

L'installation sur le socket AM5 est un jeu d'enfant.
Couplé à un Noctua NH-D15, la chauffe est très bien maîtrisée. On sent que l'efficacité énergétique a été optimisée. Il faut noter que le point chaud de ces nouveaux processeurs est décalés par rapport au centre. Le D15 prévoit d'ailleurs un placement décalé (7 mm) spécifiquement pour cela.

Pour les connaisseurs, j'ai appliqué un Curve Optimizer à -25 dans le bios. Le processeur est parfaitement stable dans mon cas (24h de stress test sous OCCT). C'est de bonne augure pour l'overclocking !

✅ Les plus :

- Tout simplement le meilleur processeur gaming à ce jour.
- Très performant en applicatif multi-cœur.
- Facile à refroidir, pas nécessairement besoin d'un watercooling !
- Excellente stabilité avec l'undervolting (Curve Optimizer), ce qui laisse de la marge pour un futur overclocking.

❌ Les moins :
- Passage obligatoire à la DDR5 et changement de carte mère (AM5).
- L'investissement conséquent entre le processeur seul et le changement de plateforme

Conclusion : Si vous venez de la plateforme AM4, et que vous avez les moyens de vous faire plaisir, FONCEZ ! C'est le processeur ultime pour une configuration gaming sans compromis.",positif,0.575,Merci pour votre message détaillé concernant votre expérience avec le nouveau processeur AMD RYZEN ™ 7 9800X3D. Nous sommes ravis d'apprendre que vous avez constaté une amélioration significative en termes de performances et de stabilité. Nous prenons note de vos observations et nous les apprécions beaucoup. Nous sommes là pour vous aider si vous avez des questions supplémentaires ou si vous rencontrez des difficultés lors de l'utilisation de votre nouveau produit. Veuillez ne hesiter pas à nous contacter à l'adresse suivante : amd@serviceclient.fr.,amazon
1,cf6e0af1-d2c4-41e9-8f4e-c8fbbe7500bc,,"AMD RYZEN ™ 7 9800X3D 8 Coeurs/16 Threads débridés, Architecture Zen 5, 104 Mo Cache, 120W TDP, Jusqu'a 5.2 Ghz Frequence Boost, Socket AM5, Ventilateur Non Inclus",AMD,1,ZaLf_,Excellentes performances en jeu et très bonne maîtrise des températures,5.0,10 janvier 2026,"Acheté pour un nouveau montage orienté gaming et polyvalence, ce Ryzen 7 9800X3D remplace un processeur de génération précédente. Après plusieurs semaines d’utilisation quotidienne (jeux + tâches courantes), le bilan est très positif.

🔧 Performances

En jeu, les performances sont clairement au rendez-vous. Le cache 3D fait la différence sur les titres CPU-dépendants : les FPS sont plus stables et les micro-saccades quasiment inexistantes. En multitâche (navigation, streaming, logiciels divers), tout reste fluide sans ralentissement.

🌡️ Températures & consommation

Associé à un refroidissement liquide 360 mm, les températures restent bien maîtrisées, même en charge. En usage gaming prolongé, le processeur ne chauffe pas excessivement et ne montre aucun signe de throttling. La consommation reste raisonnable au vu des performances proposées.

🧩 Compatibilité & installation

Monté sur une carte mère AM5 récente, aucun souci à signaler : reconnaissance immédiate, stabilité parfaite après mise à jour du BIOS. L’installation est simple si on a l’habitude de monter des PC.

⚠️ Points à noter

Pas de ventirad fourni, il faut donc prévoir un bon système de refroidissement

Prix élevé, surtout si l’on ne fait pas principalement du gaming

✅ Conclusion

Un excellent processeur pour les joueurs exigeants qui veulent des performances élevées et stables, tout en conservant une bonne efficacité thermique. Un peu excessif pour un usage bureautique simple, mais parfaitement justifié pour une configuration gaming haut de gamme.",positif,0.509,"Merci pour votre message détaillé concernant votre expérience avec le produit AMD RYZEN ™ 7 9800X3D. Nous sommes heureux d'apprendre que vous obtenez des performances satisfaisantes en jeu et une bonne maîtrise des températures. Nous prenons note vos observations. Pour toute question supplémentaire ou problème, n'hésitez pas à nous contacter à l'adresse suivante : amd@serviceclient.fr.",amazon
